{"stats":{"minecraft:picked_up":{"minecraft:gunpowder":2,"minecraft:string":2},"minecraft:used":{"minecraft:torch":459,"minecraft:netherite_sword":3,"minecraft:splash_potion":2},"minecraft:killed":{"minecraft:spider":1},"minecraft:custom":{"minecraft:jump":87,"minecraft:time_since_rest":930,"minecraft:damage_dealt":160,"minecraft:interact_with_loom":1,"minecraft:crouch_one_cm":207,"minecraft:walk_on_water_one_cm":4766,"minecraft:sprint_one_cm":13396,"minecraft:play_time":12994,"minecraft:damage_taken":20,"minecraft:time_since_death":895,"minecraft:walk_one_cm":2021,"minecraft:sneak_time":715,"minecraft:total_world_time":12994,"minecraft:walk_under_water_one_cm":5449,"minecraft:mob_kills":1,"minecraft:fall_one_cm":1149,"minecraft:fly_one_cm":304756,"minecraft:deaths":1}},"DataVersion":2975}