{"stats":{"minecraft:used":{"minecraft:torch":419},"minecraft:custom":{"minecraft:jump":21,"minecraft:time_since_rest":8048,"minecraft:leave_game":1,"minecraft:crouch_one_cm":130,"minecraft:deaths":2,"minecraft:sprint_one_cm":3116,"minecraft:play_time":29726,"minecraft:walk_on_water_one_cm":1926,"minecraft:time_since_death":7993,"minecraft:walk_one_cm":929,"minecraft:sneak_time":426,"minecraft:total_world_time":29726,"minecraft:walk_under_water_one_cm":2420,"minecraft:fly_one_cm":373134}},"DataVersion":2975}