{"stats":{"minecraft:picked_up":{"minecraft:birch_sign":3,"minecraft:gunpowder":2,"minecraft:string":2},"minecraft:used":{"minecraft:torch":459,"minecraft:netherite_sword":3,"minecraft:splash_potion":2},"minecraft:killed":{"minecraft:spider":1},"minecraft:custom":{"minecraft:time_since_rest":12930,"minecraft:deaths":1,"minecraft:walk_one_cm":2765,"minecraft:play_time":24994,"minecraft:crouch_one_cm":217,"minecraft:sprint_one_cm":15436,"minecraft:interact_with_loom":1,"minecraft:damage_taken":20,"minecraft:sneak_time":1003,"minecraft:walk_under_water_one_cm":5449,"minecraft:mob_kills":1,"minecraft:jump":91,"minecraft:damage_dealt":160,"minecraft:time_since_death":12895,"minecraft:walk_on_water_one_cm":4766,"minecraft:total_world_time":24994,"minecraft:fall_one_cm":1149,"minecraft:fly_one_cm":415218}},"DataVersion":2975}