{
  "minecraft:recipes/transportation/acacia_boat": {
    "criteria": {
      "in_water": "2024-10-07 02:30:29 +0000"
    },
    "done": true
  },
  "minecraft:recipes/transportation/oak_boat": {
    "criteria": {
      "in_water": "2024-10-07 02:30:29 +0000"
    },
    "done": true
  },
  "minecraft:recipes/transportation/dark_oak_boat": {
    "criteria": {
      "in_water": "2024-10-07 02:30:29 +0000"
    },
    "done": true
  },
  "minecraft:recipes/transportation/birch_boat": {
    "criteria": {
      "in_water": "2024-10-07 02:30:29 +0000"
    },
    "done": true
  },
  "minecraft:recipes/transportation/jungle_boat": {
    "criteria": {
      "in_water": "2024-10-07 02:30:29 +0000"
    },
    "done": true
  },
  "minecraft:recipes/transportation/spruce_boat": {
    "criteria": {
      "in_water": "2024-10-07 02:30:29 +0000"
    },
    "done": true
  },
  "minecraft:adventure/adventuring_time": {
    "criteria": {
      "minecraft:deep_ocean": "2024-10-07 02:28:48 +0000",
      "minecraft:sunflower_plains": "2024-10-07 02:46:48 +0000",
      "minecraft:birch_forest": "2024-10-07 02:46:51 +0000",
      "minecraft:beach": "2024-10-07 02:45:26 +0000",
      "minecraft:dark_forest": "2024-10-07 02:46:29 +0000",
      "minecraft:sparse_jungle": "2024-10-07 02:45:11 +0000",
      "minecraft:river": "2024-10-07 02:45:56 +0000",
      "minecraft:cold_ocean": "2024-10-07 02:45:24 +0000",
      "minecraft:forest": "2024-10-07 02:46:28 +0000",
      "minecraft:frozen_ocean": "2024-10-07 02:45:30 +0000",
      "minecraft:jungle": "2024-10-07 02:45:15 +0000",
      "minecraft:plains": "2024-10-07 02:29:13 +0000"
    },
    "done": false
  },
  "DataVersion": 2975
}